{
  "project_info": {
    "project_number": "582015920356",
    "project_id": "auth-4f6a0",
    "storage_bucket": "auth-4f6a0.appspot.com"
  },
  "client": [
    {
      "client_info": {
        "mobilesdk_app_id": "1:582015920356:android:2e042b31e70ad92dc264f1",
        "android_client_info": {
          "package_name": "com.example.auth"
        }
      },
      "oauth_client": [
        {
          "client_id": "582015920356-r3pl0181n1fad23jd56hhrjapb30hcpi.apps.googleusercontent.com",
          "client_type": 3
        }
      ],
      "api_key": [
        {
          "current_key": "AIzaSyDSDIpuy8w8N397fbky6A5eivr1JBE3L8I"
        }
      ],
      "services": {
        "appinvite_service": {
          "other_platform_oauth_client": [
            {
              "client_id": "582015920356-r3pl0181n1fad23jd56hhrjapb30hcpi.apps.googleusercontent.com",
              "client_type": 3
            },
            {
              "client_id": "582015920356-fmc9mtetn8ui0so2qrn444erscautdlv.apps.googleusercontent.com",
              "client_type": 2,
              "ios_info": {
                "bundle_id": "com.example.auth"
              }
            }
          ]
        }
      }
    }
  ],
  "configuration_version": "1"
}